Horodateur,consentement,anciennete,campement,OFA,quartier,tribu,tribu1,tribu2,tribu3,tribu4,tribu5,tribu6,tribu7,tribu8,As-tu des commentaires ou précisions que tu voudrais partager concernant ta tribu ?,manages1,manages2,manages3,As-tu des commentaires ou précisions que tu voudrais partager concernant ton management en tant que managé.e ?,Es-tu manager/manageuse ? ,"Si tu es manager/manageuse, combien de managé.e.s direct(s) as-tu ? ",manager1,manager2,manager3,As-tu des commentaires ou précisions que tu voudrais partager concernant ton management en tant que manager ?,egalitepro1,egalitepro2,egalitepro3,egalitepro4,commentaires egalite pro,competencesparcours1,competencesparcours2,competencesparcours3,competencesparcours4,As-tu des commentaires ou précisions que tu voudrais partager concernant les compétences et parcours chez OCTO Technology ? ,santeconditions1,santeconditions2,santeconditions3,santeconditions4,santeconditions5,As-tu des commentaires ou précisions que tu voudrais partager concernant la santé et les conditions de travail chez OCTO Technology ?,QA1,QA2,QA3,QA4,QA5,QA6,QA7,QA8,As-tu des commentaires ou précisions que tu voudrais partager concernant ton atelier ou ton établi ?,statut6mois,missions1,missions2,missions3,As-tu des commentaires ou précisions que tu voudrais partager concernant ta/tes mission(s) chez le client ? ,interco1,As-tu des commentaires ou précisions que tu voudrais partager concernant ton intercontrat ?,missionsinterco1,missionsinterco2,missionsinterco3,missionsinterco4,As-tu des commentaires ou précisions que tu voudrais partager concernant ta/tes mission(s) chez le client et/ou ton intercontrat ?,fonctionscoeur1,fonctionscoeur2,As-tu des commentaires ou précisions que tu voudrais partager concernant ton travail au quotidien ? 
16/04/2024 09:13:05,Vous acceptez de remplir l'OHC de manière anonyme,Plus de 7 ans,OCTO Paris,Oui,Mairie,User Research,1,5,5,6,7,6,2,5,,5,6,7,,Non,,,,,,5,5,3,4,,3,3,3,6,,5,5,7,1,3,,4,6,5,4,3,7,4,1,,fonctions coeur, ,,,,,,,,,,,,,
16/04/2024 09:13:05,Vous acceptez de remplir l'OHC de manière anonyme,Moins de 1 an,OCTO Paris,Oui,Mairie,User Research,3,3,5,5,2,4,3,5,,5,6,7,,Non,,,,,,4,6,4,4,,2,2,7,4,,1,7,1,5,4,,1,2,5,7,2,5,3,5,,fonctions coeur,,,,,,,,,,,,6,2,
16/04/2024 09:13:05,Vous acceptez de remplir l'OHC de manière anonyme,Entre 3 et 7 ans,OCTO Paris,Oui,Mairie,User Research,5,4,3,1,3,7,1,5,,5,6,7,,Non,,,,,,3,5,6,7,,5,6,3,4,,6,1,1,6,1,,7,3,6,5,4,3,2,2,,fonctions coeur,,,,,,,,,,,,6,5,
16/04/2024 09:13:05,Vous acceptez de remplir l'OHC de manière anonyme,Moins de 1 an,OCTO Paris,Oui,Mairie,User Research,6,2,7,6,7,5,4,2,,5,6,7,,Non,,,,,,6,4,7,5,,4,2,2,3,,1,4,5,4,4,,5,6,2,7,3,6,6,5,,fonctions coeur,,,,,,,,,,,,5,2,
16/04/2024 09:13:05,Vous acceptez de remplir l'OHC de manière anonyme,Entre 3 et 7 ans,OCTO Paris,Oui,Mairie,User Research,3,2,7,6,7,7,7,5,,5,6,7,,Non,,,,,,4,4,4,2,,2,6,1,5,,2,4,2,6,2,,1,2,4,3,2,2,2,2,,fonctions coeur,,,,,,,,,,,,1,2,
16/04/2024 09:13:05,Vous acceptez de remplir l'OHC de manière anonyme,Entre 1 et 3 ans,OCTO Paris,Oui,Mairie,User Research,1,5,7,4,3,6,1,3,,5,6,7,,Non,,,,,,1,2,2,6,,1,6,3,1,,2,2,6,3,2,,7,4,6,6,6,4,5,4,,fonctions coeur,,,,,,,,,,,,5,6,
16/04/2024 09:13:05,Vous acceptez de remplir l'OHC de manière anonyme,Entre 3 et 7 ans,OCTO Paris,Oui,Mairie,User Research,5,2,1,5,3,2,6,2,,5,6,7,,Oui,,5,6,7,,6,3,4,5,,2,7,5,7,,3,3,1,7,6,,6,6,5,2,4,2,7,4,,fonctions coeur,,,,,,,,,,,,5,2,
16/04/2024 09:13:05,Vous acceptez de remplir l'OHC de manière anonyme,Entre 3 et 7 ans,OCTO Paris,Oui,Mairie,User Research,1,3,5,3,2,6,3,7,,5,6,7,,Oui,,5,6,7,,4,4,6,1,,1,5,2,2,,5,5,2,2,1,,1,4,7,3,7,1,6,5,,fonctions coeur,,,,,,,,,,,,1,4,
16/04/2024 09:13:05,Vous acceptez de remplir l'OHC de manière anonyme,Entre 3 et 7 ans,OCTO Paris,Oui,Mairie,User Research,1,7,3,2,6,1,3,2,,5,6,7,,Oui,,5,6,7,,2,6,2,4,,1,3,5,6,,7,3,5,5,6,,3,3,4,3,2,3,3,5,,fonctions coeur,,,,,,,,,,,,2,4,
16/04/2024 09:13:05,Vous acceptez de remplir l'OHC de manière anonyme,Moins de 1 an,OCTO Paris,Oui,Mairie,User Research,4,2,2,1,5,2,6,7,,5,6,7,,Non,,,,,,7,2,6,4,,4,3,1,7,,3,6,1,6,1,,1,7,4,3,5,7,2,3,,fonctions coeur,,,,,,,,,,,,7,6,
16/04/2024 09:13:05,Vous acceptez de remplir l'OHC de manière anonyme,Plus de 7 ans,OCTO Paris,Oui,Mairie,User Research,7,5,3,4,2,7,2,7,,5,6,7,,Non,,,,,,5,1,3,6,,7,6,1,7,,1,1,5,3,2,,5,7,6,2,1,4,4,7,,fonctions coeur,,,,,,,,,,,,6,7,
16/04/2024 09:13:05,Vous acceptez de remplir l'OHC de manière anonyme,Entre 1 et 3 ans,OCTO Paris,Oui,Mairie,User Research,6,4,4,1,7,5,1,2,,5,6,7,,Non,,,,,,6,4,2,4,,3,7,3,3,,7,5,5,3,1,,1,3,2,3,1,3,4,5,,fonctions coeur,,,,,,,,,,,,6,7,
16/04/2024 09:13:05,Vous acceptez de remplir l'OHC de manière anonyme,Plus de 7 ans,OCTO Paris,Oui,Mairie,User Research,4,5,7,3,1,5,4,4,,5,6,7,,Non,,,,,,4,5,7,1,,3,5,4,3,,3,1,1,3,7,,6,5,3,6,1,3,4,5,,fonctions coeur,,,,,,,,,,,,3,2,
,,Entre 1 et 3 ans,Toulouse,Non,Mairie,A,5,3,3,6,2,6,4,6,,5,6,7,,Non,,,,,,5,7,3,4,,4,2,6,3,,1,3,5,2,5,,1,5,5,6,7,6,2,5,,fonctions coeur,,,,,,,,,,,,1,6,
,,Entre 3 et 7 ans,Toulouse,Non,Mairie,B,4,3,2,6,7,4,1,4,,5,6,7,,Non,,,,,,7,5,4,6,,2,1,5,5,,1,2,6,4,6,,3,3,5,5,2,4,3,5,,fonctions coeur,,,,,,,,,,,,4,2,
,,Entre 1 et 3 ans,Toulouse,Non,Mairie,C,1,2,6,4,3,7,1,5,,5,6,7,,Oui,,5,6,7,,6,5,6,1,,6,6,4,4,,2,7,2,7,1,,5,4,3,1,3,7,1,5,,fonctions coeur,,,,,,,,,,,,3,1,
,,Entre 3 et 7 ans,Chtis,Non,Mairie,D,6,1,5,2,1,1,2,3,,5,6,7,,Oui,,5,6,7,,3,3,1,7,,6,3,1,4,,1,5,5,4,2,,6,2,7,6,7,5,4,2,,fonctions coeur,,,,,,,,,,,,1,1,
,,Moins de 1 an,OCTO Paris,Non,Mairie,G,4,7,1,5,1,7,1,7,,5,6,7,,Oui,,5,6,7,,6,5,4,2,,1,4,2,5,,4,7,1,7,7,,3,2,7,6,7,7,7,5,,fonctions coeur,,,,,,,,,,,,6,2,
,,Entre 3 et 7 ans,OCTO Paris,Non,Mairie,H,3,5,5,4,1,6,6,2,,5,6,7,,Non,,,,,,4,7,3,2,,7,2,7,7,,5,1,3,7,7,,1,5,7,4,3,6,1,3,,fonctions coeur,,,,,,,,,,,,7,6,
,,Entre 3 et 7 ans,OCTO Paris,Non,Mairie,Z,6,2,2,7,4,1,1,3,,5,6,7,,Non,,,,,,7,7,1,1,,7,5,5,5,,4,7,1,6,5,,5,2,1,5,3,2,6,2,,fonctions coeur, ,,,,,,,,,,,7,6,
,,Entre 3 et 7 ans,OCTO Paris,Non,Mairie,A,6,6,7,7,1,2,6,6,,5,6,7,,Non,,,,,,2,2,7,4,,7,5,3,6,,3,5,2,7,7,,3,5,7,7,5,2,7,3,,fonctions coeur,,,,,,,,,,,,6,2,
,,Moins de 1 an,OCTO Paris,Non,Mairie,D,5,1,7,6,2,4,7,4,,5,6,7,,Non,,,,,,5,3,6,6,,2,5,5,5,,7,4,4,1,4,,4,7,3,5,7,5,4,3,,fonctions coeur,,,,,,,,,,,,6,5,
,,Plus de 7 ans,OCTO Paris,Non,Mairie,G,6,3,1,2,5,7,5,7,,5,6,7,,Non,,,,,,4,7,6,1,,1,1,3,2,,5,3,5,1,1,,1,5,2,7,6,6,4,7,,fonctions coeur,,,,,,,,,,,,5,2,
,,Entre 1 et 3 ans,OCTO Paris,Non,Mairie,H,4,5,7,2,5,7,7,3,,5,6,7,,Non,,,,,,7,4,4,5,,3,6,2,5,,6,4,5,7,7,,2,2,5,7,3,4,5,6,,fonctions coeur,,,,,,,,,,,,1,2,
,,Moins de 1 an,OCTO Paris,Non,Mairie,Z,1,1,1,7,1,5,2,1,,5,6,7,,Oui,,5,6,7,,6,7,4,2,,2,6,7,4,,4,1,1,5,3,,5,1,7,7,5,5,7,3,,fonctions coeur,,,,,,,,,,,,5,6,
,,Plus de 7 ans,Toulouse,Non,Mairie,A,4,3,2,5,1,2,1,1,,5,6,7,,Oui,,5,6,7,,1,4,6,1,,5,6,2,4,,2,2,2,1,3,,4,2,2,7,5,7,4,3,,fonctions coeur,,,,,,,,,,,,5,2,
,,Entre 3 et 7 ans,Toulouse,Non,Mairie,D,2,4,3,5,2,3,1,4,,5,6,7,,Oui,,5,6,7,,4,2,6,4,,2,2,1,4,,4,6,3,7,5,,1,3,5,3,2,6,3,7,,fonctions coeur,,,,,,,,,,,,1,4,
,,Moins de 1 an,Toulouse,Non,Mairie,G,6,5,3,2,3,5,6,7,,5,6,7,,Non,,,,,,1,6,3,1,,2,2,5,5,,6,6,3,5,5,,1,7,3,2,6,1,3,2,,fonctions coeur,,,,,,,,,,,,2,4,
,,Plus de 7 ans,Chtis,Non,Mairie,H,5,6,4,3,6,4,5,5,,5,6,7,,Non,,,,,,4,6,4,2,,5,2,7,2,,7,3,2,7,7,,4,2,2,1,5,2,6,7,,fonctions coeur,,,,,,,,,,,,7,6,
,,Entre 1 et 3 ans,OCTO Paris,Non,Mairie,Z,7,1,3,3,1,5,1,7,,5,6,7,,Non,,,,,,1,5,7,6,,6,6,7,1,,3,4,1,4,6,,7,5,3,4,2,7,2,7,,fonctions coeur,,,,,,,,,,,,6,7,
,,Plus de 7 ans,OCTO Paris,Non,Mairie,A,6,1,6,7,3,1,1,6,,5,6,7,,Non,,,,,,1,5,7,6,,4,4,7,3,,7,3,1,3,3,,6,4,4,1,7,5,1,2,,fonctions coeur,,,,,,,,,,,,6,7,
,,Entre 3 et 7 ans,OCTO Paris,Non,Mairie,D,4,7,5,6,2,4,1,7,,5,6,7,,Non,,,,,,4,3,6,2,,2,1,4,2,,4,7,5,3,7,,4,5,7,3,1,5,4,4,,fonctions coeur,,,,,,,,,,,,3,2,
,,Moins de 1 an,OCTO Paris,Non,Mairie,G,2,5,1,6,3,2,4,5,,5,6,7,,Non,,,,,,2,1,3,3,,4,4,2,5,,5,3,1,7,2,,5,3,3,6,2,6,4,6,,fonctions coeur,,,,,,,,,,,,1,6,
,,Entre 3 et 7 ans,OCTO Paris,Non,Mairie,H,5,5,5,1,3,4,6,3,,5,6,7,,Non,,,,,,3,7,7,6,,4,4,6,6,,4,7,4,2,2,,4,3,2,6,7,4,1,4,,fonctions coeur,,,,,,,,,,,,4,2,
,,Entre 1 et 3 ans,OCTO Paris,Non,Mairie,Z,1,2,5,2,2,7,5,7,,5,6,7,,Non,,,,,,5,4,5,3,,2,7,1,7,,2,3,7,4,1,,1,2,6,4,3,7,1,5,,fonctions coeur,,,,,,,,,,,,3,1,
,,Entre 3 et 7 ans,OCTO Paris,Non,Mairie,A,2,2,1,5,5,7,4,5,,5,6,7,,Non,,,,,,5,6,7,4,,5,6,6,1,,6,1,6,4,4,,6,1,5,2,1,1,2,3,,fonctions coeur,,,,,,,,,,,,1,1,
,,Entre 1 et 3 ans,OCTO Paris,Non,Mairie,D,5,2,2,5,4,7,7,5,,5,6,7,,Non,,,,,,7,2,1,7,,1,1,2,4,,4,1,2,7,3,,4,7,1,5,1,7,1,7,,fonctions coeur,,,,,,,,,,,,6,2,
,,Entre 3 et 7 ans,Toulouse,Non,Mairie,G,7,5,2,2,2,2,5,6,,5,6,7,,Non,,,,,,4,4,1,4,,7,3,3,3,,5,2,1,3,6,,3,5,5,4,1,6,6,2,,fonctions coeur,,,,,,,,,,,,7,6,
,,Entre 1 et 3 ans,Toulouse,Non,Mairie,H,2,1,5,4,7,1,6,6,,3,5,1,,Oui,,3,5,1,,3,2,2,1,,5,4,3,5,,3,6,3,4,6,,6,2,2,7,4,1,1,3,,fonctions coeur, ,,,,,,,,,,,7,6,
,,Entre 1 et 3 ans,Toulouse,Non,Mairie,Z,3,4,1,3,2,1,7,6,,3,5,1,,Oui,,3,5,1,,6,1,6,5,,5,6,4,3,,4,2,6,3,7,,6,6,7,7,1,2,6,6,,fonctions coeur,,,,,,,,,,,,6,2,
,,Entre 3 et 7 ans,Chtis,Non,Mairie,A,7,3,5,2,3,6,4,2,,3,5,1,,Oui,,3,5,1,,7,6,1,1,,4,3,7,6,,6,4,6,6,5,,5,1,7,6,2,4,7,4,,fonctions coeur,,,,,,,,,,,,6,5,
,,Entre 1 et 3 ans,OCTO Paris,Non,Mairie,D,2,3,7,2,3,3,1,2,,3,5,1,,Non,,,,,,1,7,2,1,,1,1,4,3,,4,1,4,7,3,,6,3,1,2,5,7,5,7,,fonctions coeur,,,,,,,,,,,,5,2,
,,Entre 1 et 3 ans,OCTO Paris,Non,Mairie,G,7,3,3,3,7,6,6,6,,3,5,1,,Non,,,,,,6,2,6,2,,6,6,6,7,,2,7,4,3,4,,4,5,7,2,5,7,7,3,,fonctions coeur,,,,,,,,,,,,1,2,
,,Entre 3 et 7 ans,OCTO Paris,Non,Mairie,H,6,3,7,2,4,1,3,6,,3,5,1,,Non,,,,,,7,7,5,2,,2,4,2,3,,3,1,1,7,7,,1,1,1,7,1,5,2,1,,fonctions coeur,,,,,,,,,,,,5,6,
,,Entre 1 et 3 ans,OCTO Paris,Non,Mairie,User Research,1,7,6,5,6,2,6,7,,3,5,1,,Non,,,,,,1,5,3,4,,3,1,1,1,,2,3,7,7,6,,4,3,2,5,1,2,1,1,,fonctions coeur,,,,,,,,,,,,5,2,
,,Plus de 7 ans,OCTO Paris,Non,Mairie,User Research,2,1,1,5,6,1,6,7,,3,5,1,,Non,,,,,,3,7,5,4,,7,1,3,5,,3,4,6,2,4,,2,4,3,5,2,3,1,4,,fonctions coeur,,,,,,,,,,,,1,4,
,,Entre 1 et 3 ans,OCTO Paris,Non,Mairie,A,7,6,7,1,4,6,4,6,,3,5,1,,Non,,,,,,7,3,7,4,,4,6,1,6,,5,1,7,3,6,,6,5,3,2,3,5,6,7,,fonctions coeur,,,,,,,,,,,,2,4,
,,Entre 1 et 3 ans,OCTO Paris,Non,Mairie,B,5,3,6,6,4,6,3,1,,3,5,1,,Oui,,3,5,1,,4,4,3,5,,5,2,7,4,,4,4,1,5,2,,5,6,4,3,6,4,5,5,,fonctions coeur,,,,,,,,,,,,7,6,
,,Entre 1 et 3 ans,OCTO Paris,Non,Mairie,C,5,2,6,4,7,3,4,6,,3,5,1,,Oui,,3,5,1,,2,1,7,6,,6,5,5,2,,4,2,6,1,7,,7,1,3,3,1,5,1,7,,fonctions coeur,,,,,,,,,,,,6,7,
,,Entre 1 et 3 ans,Toulouse,Non,Mairie,User Research,4,6,1,1,3,5,6,3,,3,5,1,,Oui,,3,5,1,,7,7,7,7,,1,6,4,3,,3,2,2,5,2,,6,1,6,7,3,1,1,6,,fonctions coeur,,,,,,,,,,,,6,7,
,,Entre 1 et 3 ans,Toulouse,Non,Mairie,User Research,3,6,6,4,1,1,6,3,,3,5,1,,Non,,,,,,5,4,1,6,,5,3,5,1,,6,4,6,2,4,,4,7,5,6,2,4,1,7,,fonctions coeur,,,,,,,,,,,,3,2,
,,Entre 3 et 7 ans,Toulouse,Non,Mairie,A,4,7,7,4,6,4,7,7,,3,5,1,,Non,,,,,,5,1,6,1,,7,5,3,2,,2,7,2,7,7,,2,5,1,6,3,2,4,5,,fonctions coeur,,,,,,,,,,,,1,6,
,,Entre 3 et 7 ans,Chtis,Non,Mairie,B,7,6,1,5,6,1,4,5,,3,5,1,,Non,,,,,,2,7,3,2,,6,3,5,2,,5,6,2,5,1,,5,5,5,1,3,4,6,3,,fonctions coeur,,,,,,,,,,,,4,2,
,,Moins de 1 an,OCTO Paris,Non,Mairie,C,6,7,4,1,2,5,3,1,,3,5,1,,Non,,,,,,1,1,4,5,,5,6,6,2,,7,2,5,5,1,,1,2,5,2,2,7,5,7,,fonctions coeur,,,,,,,,,,,,3,1,
,,Moins de 1 an,OCTO Paris,Non,Mairie,User Research,5,1,1,4,4,2,4,2,,3,5,1,,Non,,,,,,5,6,7,2,,6,6,6,7,,7,4,3,2,7,,2,2,1,5,5,7,4,5,,fonctions coeur,,,,,,,,,,,,1,1,
,,Entre 1 et 3 ans,OCTO Paris,Non,Mairie,User Research,6,3,2,6,5,2,1,5,,3,5,1,,Non,,,,,,1,7,1,6,,7,2,5,6,,7,3,6,1,4,,5,2,2,5,4,7,7,5,,fonctions coeur,,,,,,,,,,,,6,2,
,,Entre 3 et 7 ans,OCTO Paris,Non,Mairie,A,3,3,6,3,6,6,5,7,,3,5,1,,Oui,,3,5,1,,3,7,2,1,,2,3,5,1,,5,4,5,5,7,,7,5,2,2,2,2,5,6,,fonctions coeur,,,,,,,,,,,,7,6,
,,Entre 3 et 7 ans,OCTO Paris,Non,Mairie,B,5,5,4,3,1,4,6,4,,3,5,1,,Oui,,3,5,1,,6,3,6,3,,5,3,3,3,,1,1,3,7,3,,2,1,5,4,7,1,6,6,,fonctions coeur, ,,,,,,,,,,,7,6,
,,Entre 1 et 3 ans,OCTO Paris,Non,Mairie,C,2,7,2,2,3,4,5,2,,3,5,1,,Oui,,3,5,1,,4,2,4,7,,7,7,3,2,,6,3,7,6,2,,3,4,1,3,2,1,7,6,,fonctions coeur,,,,,,,,,,,,6,2,
,,Entre 3 et 7 ans,OCTO Paris,Non,Mairie,User Research,7,4,3,2,4,2,2,6,,3,5,1,,Non,,,,,,3,6,4,3,,2,4,3,6,,2,4,7,6,7,,7,3,5,2,3,6,4,2,,fonctions coeur,,,,,,,,,,,,6,5,
,,Entre 3 et 7 ans,OCTO Paris,Non,Mairie,User Research,2,3,2,1,1,7,1,1,,3,5,1,,Non,,,,,,7,4,1,3,,7,6,7,1,,4,4,3,5,2,,2,3,7,2,3,3,1,2,,fonctions coeur,,,,,,,,,,,,5,2,
,,Entre 3 et 7 ans,Toulouse,Non,Mairie,A,7,1,4,2,4,4,4,6,,3,5,1,,Non,,,,,,1,1,2,2,,2,4,3,4,,2,6,7,5,7,,7,3,3,3,7,6,6,6,,fonctions coeur,,,,,,,,,,,,1,2,
,,Entre 1 et 3 ans,Toulouse,Non,Mairie,B,6,7,4,4,5,5,3,7,,3,5,1,,Non,,,,,,5,2,2,2,,7,5,4,4,,7,6,2,4,1,,6,3,7,2,4,1,3,6,,fonctions coeur,,,,,,,,,,,,5,6,
,,Entre 1 et 3 ans,Toulouse,Non,Mairie,C,4,4,1,2,1,5,1,5,,3,5,1,,Non,,,,,,7,5,3,5,,1,3,4,5,,2,1,1,6,7,,1,7,6,5,6,2,6,7,,fonctions coeur,,,,,,,,,,,,5,2,
,,Moins de 1 an,Chtis,Non,Mairie,User Research,7,4,2,7,7,4,7,3,,3,5,1,,Non,,,,,,7,4,1,6,,6,6,5,4,,6,5,4,3,5,,2,1,1,5,6,1,6,7,,fonctions coeur,,,,,,,,,,,,1,4,
,,Entre 3 et 7 ans,OCTO Paris,Non,Mairie,User Research,7,2,3,2,6,4,7,2,,3,5,1,,Non,,,,,,1,5,2,6,,4,3,4,4,,1,6,6,3,3,,7,6,7,1,4,6,4,6,,fonctions coeur,,,,,,,,,,,,2,4,
,,Entre 1 et 3 ans,OCTO Paris,Non,Mairie,A,3,5,4,5,7,6,1,3,,3,5,1,,Non,,,,,,1,5,5,2,,5,7,2,3,,7,6,7,3,5,,5,3,6,6,4,6,3,1,,fonctions coeur,,,,,,,,,,,,7,6,
,,Entre 1 et 3 ans,OCTO Paris,Non,Mairie,B,3,2,6,5,4,3,7,5,,3,5,1,,Non,,,,,,7,1,2,2,,7,7,2,2,,3,3,1,5,6,,5,2,6,4,7,3,4,6,,fonctions coeur,,,,,,,,,,,,6,7,
,,Entre 1 et 3 ans,OCTO Paris,Non,Mairie,C,4,7,3,7,3,6,5,7,,3,5,1,,Non,,,,,,1,5,5,7,,3,6,3,7,,2,5,1,6,3,,4,6,1,1,3,5,6,3,,fonctions coeur,,,,,,,,,,,,6,7,
,,Plus de 7 ans,OCTO Paris,Non,Mairie,User Research,5,7,1,2,2,7,4,1,,3,5,1,,Non,,,,,,3,6,2,1,,6,2,3,5,,4,3,4,5,1,,3,6,6,4,1,1,6,3,,fonctions coeur,,,,,,,,,,,,3,2,
,,Entre 1 et 3 ans,OCTO Paris,Non,Mairie,User Research,5,1,2,6,5,1,6,3,,3,5,1,,Oui,,3,5,1,,4,4,4,3,,5,6,3,7,,7,6,5,2,3,,4,7,7,4,6,4,7,7,,fonctions coeur,,,,,,,,,,,,1,6,
,,Entre 1 et 3 ans,OCTO Paris,Non,Mairie,H,1,1,1,7,7,4,2,5,,3,5,1,,Oui,,3,5,1,,7,6,6,4,,3,2,6,1,,7,3,4,6,6,,7,6,1,5,6,1,4,5,,fonctions coeur,,,,,,,,,,,,4,2,
,,Entre 1 et 3 ans,OCTO Paris,Non,Mairie,Z,7,2,7,7,4,3,7,2,,3,5,1,,Oui,,3,5,1,,7,7,3,4,,2,6,6,4,,6,7,6,2,7,,6,7,4,1,2,5,3,1,,fonctions coeur,,,,,,,,,,,,3,1,
,,Plus de 7 ans,Toulouse,Non,Mairie,A,1,4,3,1,1,7,2,4,,3,5,1,,Non,,,,,,5,5,2,3,,7,5,2,3,,3,4,5,2,4,,5,1,1,4,4,2,4,2,,fonctions coeur,,,,,,,,,,,,1,1,
,,Entre 3 et 7 ans,Toulouse,Non,Mairie,D,5,3,5,3,2,2,4,4,,3,5,1,,Non,,,,,,7,5,7,3,,3,3,5,5,,4,2,7,6,2,,6,3,2,6,5,2,1,5,,fonctions coeur,,,,,,,,,,,,6,2,
,,Entre 1 et 3 ans,Toulouse,Non,Mairie,G,6,7,7,2,1,1,2,2,,3,5,1,,Non,,,,,,6,1,3,4,,6,1,7,7,,3,7,4,2,5,,3,3,6,3,6,6,5,7,,fonctions coeur,,,,,,,,,,,,7,6,
,,Entre 3 et 7 ans,Chtis,Non,Mairie,H,5,7,4,6,3,7,2,7,,3,5,1,,Non,,,,,,3,2,1,5,,6,7,4,6,,4,6,7,5,7,,5,5,4,3,1,4,6,4,,fonctions coeur, ,,,,,,,,,,,7,6,
,,Entre 1 et 3 ans,OCTO Paris,Non,Mairie,Z,7,4,3,2,4,2,2,6,,3,5,1,,Non,,,,,,3,2,7,2,,6,3,1,1,,2,7,4,6,4,,2,7,2,2,3,4,5,2,,fonctions coeur,,,,,,,,,,,,6,2,
,,Entre 1 et 3 ans,OCTO Paris,Non,Mairie,A,2,3,2,1,1,7,1,1,,3,5,1,,Non,,,,,,7,7,2,7,,5,5,5,4,,6,2,2,4,4,,7,4,3,2,4,2,2,6,,fonctions coeur,,,,,,,,,,,,6,5,
,,Moins de 1 an,OCTO Paris,Non,Mairie,D,7,1,4,2,4,4,4,6,,3,5,1,,Oui,,3,5,1,,3,7,5,3,,6,7,6,3,,5,3,7,6,4,,2,3,2,1,1,7,1,1,,fonctions coeur,,,,,,,,,,,,5,2,
,,Plus de 7 ans,OCTO Paris,Non,Mairie,G,6,7,4,4,5,5,3,7,,3,5,1,,Oui,,3,5,1,,3,5,5,2,,2,6,1,5,,7,6,2,3,5,,7,1,4,2,4,4,4,6,,fonctions coeur,,,,,,,,,,,,1,2,
,,Entre 1 et 3 ans,OCTO Paris,Non,Mairie,H,4,4,1,2,1,5,1,5,,3,5,1,,Oui,,3,5,1,,6,5,4,1,,6,7,3,3,,5,6,4,1,2,,6,7,4,4,5,5,3,7,,fonctions coeur,,,,,,,,,,,,5,6,
,,Entre 1 et 3 ans,OCTO Paris,Non,Mairie,Z,7,4,2,7,7,4,7,3,,3,5,1,,Non,,,,,,3,5,3,3,,4,2,5,4,,3,4,3,1,2,,4,4,1,2,1,5,1,5,,fonctions coeur,,,,,,,,,,,,5,2,
,,Plus de 7 ans,OCTO Paris,Non,Mairie,A,7,2,3,2,6,4,7,2,,3,5,1,,Non,,,,,,5,1,7,1,,3,1,3,2,,2,6,3,7,5,,7,4,2,7,7,4,7,3,,fonctions coeur,,,,,,,,,,,,1,4,
,,Entre 3 et 7 ans,OCTO Paris,Non,Mairie,D,3,5,4,5,7,6,1,3,,3,5,1,,Non,,,,,,1,2,4,6,,1,6,7,1,,4,1,2,3,4,,7,2,3,2,6,4,7,2,,fonctions coeur,,,,,,,,,,,,2,4,
,,Entre 1 et 3 ans,Toulouse,Non,Mairie,G,3,2,6,5,4,3,7,5,,3,5,1,,Non,,,,,,2,6,3,7,,2,7,4,7,,1,4,7,6,6,,3,5,4,5,7,6,1,3,,fonctions coeur,,,,,,,,,,,,7,6,
,,Plus de 7 ans,Toulouse,Non,Mairie,H,4,7,3,7,3,6,5,7,,3,5,1,,Non,,,,,,7,6,4,3,,1,1,3,4,,5,2,3,1,6,,3,2,6,5,4,3,7,5,,fonctions coeur,,,,,,,,,,,,6,7,
,,Entre 3 et 7 ans,Toulouse,Non,Mairie,Z,5,7,1,2,2,7,4,1,,3,5,1,,Non,,,,,,3,5,1,7,,1,1,4,7,,6,2,1,6,3,,4,7,3,7,3,6,5,7,,fonctions coeur,,,,,,,,,,,,6,7,
,,Entre 3 et 7 ans,Chtis,Non,Mairie,A,5,1,2,6,5,1,6,3,,3,5,1,,Oui,,3,5,1,,4,4,4,6,,4,3,4,7,,4,2,2,2,2,,5,7,1,2,2,7,4,1,,fonctions coeur,,,,,,,,,,,,3,2,
,,Plus de 7 ans,OCTO Paris,Non,Mairie,D,1,1,1,7,7,4,2,5,,3,5,1,,Oui,,3,5,1,,3,3,4,4,,7,3,5,1,,5,5,6,1,4,,5,1,2,6,5,1,6,3,,fonctions coeur,,,,,,,,,,,,1,6,
,,Plus de 7 ans,OCTO Paris,Non,Mairie,G,7,2,7,7,4,3,7,2,,3,5,1,,Oui,,3,5,1,,7,7,6,6,,1,6,2,7,,2,3,5,6,3,,1,1,1,7,7,4,2,5,,fonctions coeur,,,,,,,,,,,,4,2,
,,Entre 3 et 7 ans,OCTO Paris,Non,Mairie,H,1,4,3,1,1,7,2,4,,3,5,1,,Non,,,,,,3,3,5,5,,3,3,5,1,,3,4,4,3,7,,7,2,7,7,4,3,7,2,,fonctions coeur,,,,,,,,,,,,3,1,
,,Entre 1 et 3 ans,OCTO Paris,Non,Mairie,User Research,5,3,5,3,2,2,4,4,,3,5,1,,Non,,,,,,3,1,2,6,,2,1,1,2,,1,4,2,6,4,,1,4,3,1,1,7,2,4,,fonctions coeur,,,,,,,,,,,,1,1,
,,Entre 1 et 3 ans,OCTO Paris,Non,Mairie,User Research,6,7,7,2,1,1,2,2,,3,5,1,,Non,,,,,,2,4,2,6,,1,2,4,4,,5,1,1,6,4,,5,3,5,3,2,2,4,4,,fonctions coeur,,,,,,,,,,,,6,2,
,,Entre 3 et 7 ans,OCTO Paris,Non,Mairie,A,5,7,4,6,3,7,2,7,,3,5,1,,Non,,,,,,3,6,4,7,,1,6,4,5,,1,4,1,6,2,,6,7,7,2,1,1,2,2,,fonctions coeur,,,,,,,,,,,,7,6,
,,Entre 1 et 3 ans,OCTO Paris,Non,Mairie,B,5,3,5,3,2,2,4,4,,3,5,1,,Non,,,,,,6,1,6,4,,3,3,5,1,,2,6,3,5,3,,5,7,4,6,3,7,2,7,,fonctions coeur, ,,,,,,,,,,,7,6,
,,Entre 1 et 3 ans,OCTO Paris,Non,Mairie,C,6,7,7,2,1,1,2,2,,3,5,1,,Non,,,,,,1,2,3,4,,2,7,3,2,,5,5,4,7,1,,2,2,4,7,2,1,1,6,,fonctions coeur,,,,,,,,,,,,6,2,
,,Moins de 1 an,Toulouse,Non,Mairie,User Research,5,7,4,6,3,7,2,7,,3,5,1,,Non,,,,,,7,3,1,4,,3,5,7,6,,3,1,5,2,3,,1,7,7,3,1,3,3,4,,fonctions coeur,,,,,,,,,,,,6,5,
,,Entre 1 et 3 ans,Toulouse,Non,Mairie,User Research,5,3,5,3,2,2,4,4,,3,5,1,,Non,,,,,,4,3,1,6,,2,5,5,3,,5,6,5,2,1,,1,1,6,2,7,5,2,4,,fonctions coeur,,,,,,,,,,,,5,2,
,,Entre 1 et 3 ans,Toulouse,Non,Mairie,A,6,7,7,2,1,1,2,2,,3,5,1,,Non,,,,,,5,1,7,7,,5,3,1,5,,4,1,6,1,7,,2,5,2,1,7,6,5,1,,fonctions coeur,,,,,,,,,,,,1,2,