Horodateur,consentement,anciennete,campement,OFA,tribu,tribu1,tribu2,tribu3,tribu4,tribu5,tribu6,tribu7,tribu8,As-tu des commentaires ou précisions que tu voudrais partager concernant ta tribu ?,manages1,manages2,manages3,As-tu des commentaires ou précisions que tu voudrais partager concernant ton management en tant que managé.e ?,Es-tu manager/manageuse ? ,"Si tu es manager/manageuse, combien de managé.e.s direct(s) as-tu ? ",manager1,manager2,manager3,As-tu des commentaires ou précisions que tu voudrais partager concernant ton management en tant que manager ?,egalitepro1,egalitepro2,egalitepro3,egalitepro4,commentaires egalite pro,competencesparcours1,competencesparcours2,competencesparcours3,competencesparcours4,As-tu des commentaires ou précisions que tu voudrais partager concernant les compétences et parcours chez OCTO Technology ? ,santeconditions1,santeconditions2,santeconditions3,santeconditions4,santeconditions5,As-tu des commentaires ou précisions que tu voudrais partager concernant la santé et les conditions de travail chez OCTO Technology ?,QA1,QA2,QA3,QA4,QA5,QA6,QA7,QA8,etabli,As-tu des commentaires ou précisions que tu voudrais partager concernant ton atelier ou ton établi ?,statut6mois,missions1,missions2,missions3,As-tu des commentaires ou précisions que tu voudrais partager concernant ta/tes mission(s) chez le client ? ,interco1,As-tu des commentaires ou précisions que tu voudrais partager concernant ton intercontrat ?,missionsinterco1,missionsinterco2,missionsinterco3,missionsinterco4,As-tu des commentaires ou précisions que tu voudrais partager concernant ta/tes mission(s) chez le client et/ou ton intercontrat ?,fonctionscoeur1,fonctionscoeur2,As-tu des commentaires ou précisions que tu voudrais partager concernant ton travail au quotidien ? 
16/04/2024 09:13:05,Vous acceptez de remplir l'OHC de manière anonyme,Plus de 7 ans,OCTO Paris,Oui,User Research,4,6,5,4,3,7,4,1,,5,6,7,,Non,,,,,,5,5,3,4,,3,3,3,6,,5,5,7,1,3,,4,4,5,5,4,2,2,6,Design,,En mission chez un/des client(s),3,4,6,,,,,,,,,,,
16/04/2024 09:13:05,Vous acceptez de remplir l'OHC de manière anonyme,Moins de 1 an,OCTO Paris,Oui,User Research,1,2,5,7,2,5,3,5,,5,6,7,,Non,,,,,,4,6,4,4,,2,2,7,4,,1,7,1,5,4,,4,4,5,5,4,2,2,6,Design,,En mission chez un/des client(s),4,4,2,,,,,,,,,,,
16/04/2024 09:13:05,Vous acceptez de remplir l'OHC de manière anonyme,Entre 3 et 7 ans,OCTO Paris,Oui,User Research,7,3,6,5,4,3,2,2,,5,6,7,,Non,,,,,,3,5,6,7,,5,6,3,4,,6,1,1,6,1,,4,4,5,5,4,2,2,6,Design,,En mission chez un/des client(s),4,4,4,,,,,,,,,,,
16/04/2024 09:13:05,Vous acceptez de remplir l'OHC de manière anonyme,Moins de 1 an,OCTO Paris,Oui,User Research,5,6,2,7,3,6,6,5,,5,6,7,,Non,,,,,,6,4,7,5,,4,2,2,3,,1,4,5,4,4,,4,4,5,5,4,2,2,6,Design,,En mission chez un/des client(s),7,6,4,,,,,,,,,,,
16/04/2024 09:13:05,Vous acceptez de remplir l'OHC de manière anonyme,Entre 3 et 7 ans,OCTO Paris,Oui,User Research,1,2,4,3,2,2,2,2,,5,6,7,,Non,,,,,,4,4,4,2,,2,6,1,5,,2,4,2,6,2,,4,4,5,5,4,2,2,6,Design,,En mission chez un/des client(s),3,2,2,,,,,,,,,,,
16/04/2024 09:13:05,Vous acceptez de remplir l'OHC de manière anonyme,Entre 1 et 3 ans,OCTO Paris,Oui,User Research,7,4,6,6,6,4,5,4,,5,6,7,,Non,,,,,,1,2,2,6,,1,6,3,1,,2,2,6,3,2,,4,4,5,5,4,2,2,6,Design,,En mission chez un/des client(s),4,4,3,,,,,,,,,,,
16/04/2024 09:13:05,Vous acceptez de remplir l'OHC de manière anonyme,Entre 3 et 7 ans,OCTO Paris,Oui,User Research,6,6,5,2,4,2,7,4,,5,6,7,,Oui,,5,6,7,,6,3,4,5,,2,7,5,7,,3,3,1,7,6,,4,4,5,5,4,2,2,6,Design,,En mission chez un/des client(s),1,7,2,,,,,,,,,,,
16/04/2024 09:13:05,Vous acceptez de remplir l'OHC de manière anonyme,Entre 3 et 7 ans,OCTO Paris,Oui,User Research,1,4,7,3,7,1,6,5,,5,6,7,,Oui,,5,6,7,,4,4,6,1,,1,5,2,2,,5,5,2,2,1,,4,4,5,5,4,2,2,6,Design,,En mission chez un/des client(s),7,3,7,,,,,,,,,,,
16/04/2024 09:13:05,Vous acceptez de remplir l'OHC de manière anonyme,Entre 3 et 7 ans,OCTO Paris,Oui,User Research,3,3,4,3,2,3,3,5,,5,6,7,,Oui,,5,6,7,,2,6,2,4,,1,3,5,6,,7,3,5,5,6,,4,4,5,5,4,2,2,6,Design,,En mission chez un/des client(s),2,6,6,,,,,,,,,,,
16/04/2024 09:13:05,Vous acceptez de remplir l'OHC de manière anonyme,Moins de 1 an,OCTO Paris,Oui,User Research,1,7,4,3,5,7,2,3,,5,6,7,,Non,,,,,,7,2,6,4,,4,3,1,7,,3,6,1,6,1,,4,6,5,4,3,7,4,1,Design,,En mission chez un/des client(s),5,3,5,,,,,,,,,,,
16/04/2024 09:13:05,Vous acceptez de remplir l'OHC de manière anonyme,Plus de 7 ans,OCTO Paris,Oui,User Research,5,7,6,2,1,4,4,7,,5,6,7,,Non,,,,,,5,1,3,6,,7,6,1,7,,1,1,5,3,2,,1,2,5,7,2,5,3,5,Design,,En mission chez un/des client(s),3,7,3,,,,,,,,,,,
16/04/2024 09:13:05,Vous acceptez de remplir l'OHC de manière anonyme,Entre 1 et 3 ans,OCTO Paris,Oui,User Research,1,3,2,3,1,3,4,5,,5,6,7,,Non,,,,,,6,4,2,4,,3,7,3,3,,7,5,5,3,1,,7,3,6,5,4,3,2,2,Design,,En mission chez un/des client(s),6,2,7,,,,,,,,,,,
17/04/2024 09:13:05,Vous acceptez de remplir l'OHC de manière anonyme,Plus de 7 ans,Toulouse,Non,A,6,5,3,6,1,3,4,5,,5,6,7,,Non,,,,,,4,5,7,1,,3,5,4,3,,3,1,1,3,7,,5,6,2,7,3,6,6,5,Produit,,En mission chez un/des client(s),2,1,5,,,,,,,,,,,
18/04/2024 09:13:05,Vous acceptez de remplir l'OHC de manière anonyme,Entre 1 et 3 ans,Chtis,Non,B,1,5,5,6,7,6,2,5,,5,6,7,,Non,,,,,,5,7,3,4,,4,2,6,3,,1,3,5,2,5,,1,2,4,3,2,2,2,2,Coach,,En mission chez un/des client(s),7,7,7,,,,,,,,,,,
19/04/2024 09:13:05,Vous acceptez de remplir l'OHC de manière anonyme,Entre 3 et 7 ans,Toulouse,Non,C,3,3,5,5,2,4,3,5,,5,6,7,,Non,,,,,,7,5,4,6,,2,1,5,5,,1,2,6,4,6,,7,4,6,6,6,4,5,4,Coach,,En mission chez un/des client(s),5,2,5,,,,,,,,,,,
20/04/2024 09:13:05,Vous acceptez de remplir l'OHC de manière anonyme,Entre 1 et 3 ans,Chtis,Non,D,5,4,3,1,3,7,1,5,,5,6,7,,Oui,,5,6,7,,6,5,6,1,,6,6,4,4,,2,7,2,7,1,,6,6,5,2,4,2,7,4,Coach,,En mission chez un/des client(s),2,5,5,,,,,,,,,,,
21/04/2024 09:13:05,Vous acceptez de remplir l'OHC de manière anonyme,Entre 3 et 7 ans,Toulouse,Non,E,6,2,7,6,7,5,4,2,,5,6,7,,Oui,,5,6,7,,3,3,1,7,,6,3,1,4,,1,5,5,4,2,,1,4,7,3,7,1,6,5,Coach,,En mission chez un/des client(s),4,7,5,,,,,,,,,,,
22/04/2024 09:13:05,Vous acceptez de remplir l'OHC de manière anonyme,Moins de 1 an,OCTO Paris,Non,F,3,2,7,6,7,7,7,5,,5,6,7,,Oui,,5,6,7,,6,5,4,2,,1,4,2,5,,4,7,1,7,7,,3,3,4,3,2,3,3,5,Coach,,En mission chez un/des client(s),4,7,2,,,,,,,,,,,
23/04/2024 09:13:05,Vous acceptez de remplir l'OHC de manière anonyme,Entre 3 et 7 ans,OCTO Paris,Non,G,1,5,7,4,3,6,1,3,,5,6,7,,Non,,,,,,4,7,3,2,,7,2,7,7,,5,1,3,7,7,,1,7,4,3,5,7,2,3,Coach,,En mission chez un/des client(s),6,6,6,,,,,,,,,,,
24/04/2024 09:13:05,Vous acceptez de remplir l'OHC de manière anonyme,Entre 3 et 7 ans,OCTO Paris,Non,H,5,2,1,5,3,2,6,2,,5,6,7,,Non,,,,,,7,7,1,1,,7,5,5,5,,4,7,1,6,5,,5,7,6,2,1,4,4,7,Coach,,missions et intercontrat,,,,,,,6,2,7,6,,,,
25/04/2024 09:13:05,Vous acceptez de remplir l'OHC de manière anonyme,Entre 3 et 7 ans,OCTO Paris,Non,User Research,1,3,5,3,2,6,3,7,,5,6,7,,Oui,,5,6,7,,4,2,6,4,,2,2,1,4,,4,6,3,7,5,,1,3,2,3,1,3,4,5,Coach,,missions et intercontrat,,,,,,,5,5,7,6,,,,
26/04/2024 09:13:05,Vous acceptez de remplir l'OHC de manière anonyme,Moins de 1 an,OCTO Paris,Non,User Research,1,7,3,2,6,1,3,2,,5,6,7,,Non,,,,,,1,6,3,1,,2,2,5,5,,6,6,3,5,5,,6,5,3,6,1,3,4,5,Coach,,missions et intercontrat,,,,,,,4,1,3,5,,,,
27/04/2024 09:13:05,Vous acceptez de remplir l'OHC de manière anonyme,Plus de 7 ans,OCTO Paris,Non,User Research,4,2,2,1,5,2,6,7,,5,6,7,,Non,,,,,,4,6,4,2,,5,2,7,2,,7,3,2,7,7,,1,5,5,6,7,6,2,5,Coach,,missions et intercontrat,,,,,,,3,1,1,6,,,,
28/04/2024 09:13:05,Vous acceptez de remplir l'OHC de manière anonyme,Entre 1 et 3 ans,OCTO Paris,Non,A,7,5,3,4,2,7,2,7,,5,6,7,,Non,,,,,,1,5,7,6,,6,6,7,1,,3,4,1,4,6,,3,3,5,5,2,4,3,5,Coach,,missions et intercontrat,,,,,,,1,3,1,5,,,,
29/04/2024 09:13:05,Vous acceptez de remplir l'OHC de manière anonyme,Moins de 1 an,OCTO Paris,Non,B,6,4,4,1,7,5,1,2,,5,6,7,,Non,,,,,,1,5,7,6,,4,4,7,3,,7,3,1,3,3,,5,4,3,1,3,7,1,5,Coach,,missions et intercontrat,,,,,2,,,,,,,,,
30/04/2024 09:13:05,Vous acceptez de remplir l'OHC de manière anonyme,Plus de 7 ans,Toulouse,Non,C,4,5,7,3,1,5,4,4,,5,6,7,,Non,,,,,,4,3,6,2,,2,1,4,2,,4,7,5,3,7,,6,2,7,6,7,5,4,2,Coach,,intercontrat,,,,,2,,,,,,,,,
01/05/2024 09:13:05,Vous acceptez de remplir l'OHC de manière anonyme,Entre 3 et 7 ans,Chtis,Non,D,5,3,3,6,2,6,4,6,,5,6,7,,Non,,,,,,2,1,3,3,,4,4,2,5,,5,3,1,7,2,,3,2,7,6,7,7,7,5,Coach,,intercontrat,,,,,1,,,,,,,,,
02/05/2024 09:13:05,Vous acceptez de remplir l'OHC de manière anonyme,Moins de 1 an,Toulouse,Non,E,4,3,2,6,7,4,1,4,,5,6,7,,Non,,,,,,3,7,7,6,,4,4,6,6,,4,7,4,2,2,,1,5,7,4,3,6,1,3,Coach,,intercontrat,,,,,3,,,,,,,,,
03/05/2024 09:13:05,Vous acceptez de remplir l'OHC de manière anonyme,Plus de 7 ans,Chtis,Non,F,1,2,6,4,3,7,1,5,,5,6,7,,Non,,,,,,5,4,5,3,,2,7,1,7,,2,3,7,4,1,,5,2,1,5,3,2,6,2,Coach,,intercontrat,,,,,2,,,,,,,,,
04/05/2024 09:13:05,Vous acceptez de remplir l'OHC de manière anonyme,Entre 1 et 3 ans,Toulouse,Non,G,6,1,5,2,1,1,2,3,,5,6,7,,Non,,,,,,5,6,7,4,,5,6,6,1,,6,1,6,4,4,,3,5,7,7,5,2,7,3,Coach,,intercontrat,,,,,7,,,,,,,,,
05/05/2024 09:13:05,Vous acceptez de remplir l'OHC de manière anonyme,Plus de 7 ans,OCTO Paris,Non,H,4,7,1,5,1,7,1,7,,5,6,7,,Non,,,,,,7,2,1,7,,1,1,2,4,,4,1,2,7,3,,4,5,7,3,1,5,4,4,Coach,,intercontrat,,,,,1,,,,,,,,,
06/05/2024 09:13:05,Vous acceptez de remplir l'OHC de manière anonyme,Entre 3 et 7 ans,OCTO Paris,Non,User Research,3,5,5,4,1,6,6,2,,5,6,7,,Non,,,,,,4,4,1,4,,7,3,3,3,,5,2,1,3,6,,5,3,3,6,2,6,4,6,Coach,,intercontrat,,,,,1,,,,,,,,,
07/05/2024 09:13:05,Vous acceptez de remplir l'OHC de manière anonyme,Moins de 1 an,OCTO Paris,Non,User Research,6,2,2,7,4,1,1,3,,3,5,1,,Oui,,3,5,1,,3,2,2,1,,5,4,3,5,,3,6,3,4,6,,4,3,2,6,7,4,1,4,Coach,,intercontrat,,,,,2,,,,,,,,,
08/05/2024 09:13:05,Vous acceptez de remplir l'OHC de manière anonyme,Entre 3 et 7 ans,OCTO Paris,Non,User Research,6,6,7,7,1,2,6,6,,3,5,1,,Oui,,3,5,1,,6,1,6,5,,5,6,4,3,,4,2,6,3,7,,1,2,6,4,3,7,1,5,Coach,,intercontrat,,,,,6,,,,,,,,,
09/05/2024 09:13:05,Vous acceptez de remplir l'OHC de manière anonyme,Entre 1 et 3 ans,OCTO Paris,Non,A,5,1,7,6,2,4,7,4,,3,5,1,,Oui,,3,5,1,,7,6,1,1,,4,3,7,6,,6,4,6,6,5,,6,1,5,2,1,1,2,3,Coach,,intercontrat,,,,,4,,,,,,,,,
10/05/2024 09:13:05,Vous acceptez de remplir l'OHC de manière anonyme,Entre 3 et 7 ans,OCTO Paris,Non,B,6,3,1,2,5,7,5,7,,3,5,1,,Non,,,,,,1,7,2,1,,1,1,4,3,,4,1,4,7,3,,4,7,1,5,1,7,1,7,Coach,,intercontrat,,,,,6,,,,,,,,,
11/05/2024 09:13:05,Vous acceptez de remplir l'OHC de manière anonyme,Entre 1 et 3 ans,OCTO Paris,Non,C,4,5,7,2,5,7,7,3,,3,5,1,,Non,,,,,,6,2,6,2,,6,6,6,7,,2,7,4,3,4,,3,5,5,4,1,6,6,2,Coach,,intercontrat,,,,,4,,,,,,,,,
12/05/2024 09:13:05,Vous acceptez de remplir l'OHC de manière anonyme,Entre 3 et 7 ans,OCTO Paris,Non,D,1,1,1,7,1,5,2,1,,3,5,1,,Non,,,,,,7,7,5,2,,2,4,2,3,,3,1,1,7,7,,6,2,2,7,4,1,1,3,Coach,,intercontrat,,,,,4,,,,,,,,,
13/05/2024 09:13:05,Vous acceptez de remplir l'OHC de manière anonyme,Entre 1 et 3 ans,Toulouse,Non,E,4,3,2,5,1,2,1,1,,3,5,1,,Non,,,,,,1,5,3,4,,3,1,1,1,,2,3,7,7,6,,6,6,7,7,1,2,6,6,Coach,,intercontrat,,,,,1,,,,,,,,,
14/05/2024 09:13:05,Vous acceptez de remplir l'OHC de manière anonyme,Entre 1 et 3 ans,Chtis,Non,F,2,4,3,5,2,3,1,4,,3,5,1,,Non,,,,,,3,7,5,4,,7,1,3,5,,3,4,6,2,4,,5,1,7,6,2,4,7,4,Coach,,intercontrat,,,,,7,,,,,,,,,
15/05/2024 09:13:05,Vous acceptez de remplir l'OHC de manière anonyme,Entre 3 et 7 ans,Toulouse,Non,G,6,5,3,2,3,5,6,7,,3,5,1,,Non,,,,,,7,3,7,4,,4,6,1,6,,5,1,7,3,6,,6,3,1,2,5,7,5,7,Coach,,intercontrat,,,,,3,,,,,,,,,
16/05/2024 09:13:05,Vous acceptez de remplir l'OHC de manière anonyme,Entre 1 et 3 ans,Chtis,Non,H,5,6,4,3,6,4,5,5,,3,5,1,,Oui,,3,5,1,,4,4,3,5,,5,2,7,4,,4,4,1,5,2,,4,5,7,2,5,7,7,3,Coach,,intercontrat,,,,,4,,,,,,,,,
17/05/2024 09:13:05,Vous acceptez de remplir l'OHC de manière anonyme,Entre 1 et 3 ans,Toulouse,Non,User Research,7,1,3,3,1,5,1,7,,3,5,1,,Oui,,3,5,1,,2,1,7,6,,6,5,5,2,,4,2,6,1,7,,1,1,1,7,1,5,2,1,Coach,,intercontrat,,,,,7,,,,,,,,,
18/05/2024 09:13:05,Vous acceptez de remplir l'OHC de manière anonyme,Entre 3 et 7 ans,OCTO Paris,Non,User Research,6,1,6,7,3,1,1,6,,3,5,1,,Oui,,3,5,1,,7,7,7,7,,1,6,4,3,,3,2,2,5,2,,4,3,2,5,1,2,1,1,Coach,,intercontrat,,,,,3,,,,,,,,,
19/05/2024 09:13:05,Vous acceptez de remplir l'OHC de manière anonyme,Entre 1 et 3 ans,OCTO Paris,Non,User Research,4,7,5,6,2,4,1,7,,3,5,1,,Non,,,,,,5,4,1,6,,5,3,5,1,,6,4,6,2,4,,2,4,3,5,2,3,1,4,Coach,,intercontrat,,,,,1,,,,,,,,,
20/05/2024 09:13:05,Vous acceptez de remplir l'OHC de manière anonyme,Plus de 7 ans,OCTO Paris,Non,A,2,5,1,6,3,2,4,5,,3,5,1,,Non,,,,,,5,1,6,1,,7,5,3,2,,2,7,2,7,7,,6,5,3,2,3,5,6,7,Coach,,intercontrat,,,,,6,,,,,,,,,
21/05/2024 09:13:05,Vous acceptez de remplir l'OHC de manière anonyme,Entre 1 et 3 ans,OCTO Paris,Non,B,5,5,5,1,3,4,6,3,,3,5,1,,Non,,,,,,2,7,3,2,,6,3,5,2,,5,6,2,5,1,,5,6,4,3,6,4,5,5,Coach,,intercontrat,,,,,4,,,,,,,,,
22/05/2024 09:13:05,Vous acceptez de remplir l'OHC de manière anonyme,Entre 1 et 3 ans,OCTO Paris,Non,C,1,2,5,2,2,7,5,7,,3,5,1,,Non,,,,,,1,1,4,5,,5,6,6,2,,7,2,5,5,1,,7,1,3,3,1,5,1,7,Coach,,intercontrat,,,,,3,,,,,,,,,
23/05/2024 09:13:05,Vous acceptez de remplir l'OHC de manière anonyme,Entre 1 et 3 ans,OCTO Paris,Non,D,2,2,1,5,5,7,4,5,,3,5,1,,Non,,,,,,5,6,7,2,,6,6,6,7,,7,4,3,2,7,,6,1,6,7,3,1,1,6,Coach,,En mission chez un/des client(s),4,3,7,,,,,,,,,,,
24/05/2024 09:13:05,Vous acceptez de remplir l'OHC de manière anonyme,Entre 1 et 3 ans,OCTO Paris,Non,E,5,2,2,5,4,7,7,5,,3,5,1,,Non,,,,,,1,7,1,6,,7,2,5,6,,7,3,6,1,4,,4,7,5,6,2,4,1,7,Coach,,En mission chez un/des client(s),4,1,4,,,,,,,,,,,
25/05/2024 09:13:05,Vous acceptez de remplir l'OHC de manière anonyme,Entre 1 et 3 ans,OCTO Paris,Non,F,7,5,2,2,2,2,5,6,,3,5,1,,Oui,,3,5,1,,3,7,2,1,,2,3,5,1,,5,4,5,5,7,,2,5,1,6,3,2,4,5,Produit,,En mission chez un/des client(s),1,7,4,,,,,,,,,,,
26/05/2024 09:13:05,Vous acceptez de remplir l'OHC de manière anonyme,Entre 3 et 7 ans,Toulouse,Non,G,2,1,5,4,7,1,6,6,,3,5,1,,Oui,,3,5,1,,6,3,6,3,,5,3,3,3,,1,1,3,7,3,,5,5,5,1,3,4,6,3,Produit,,En mission chez un/des client(s),6,5,2,,,,,,,,,,,
27/05/2024 09:13:05,Vous acceptez de remplir l'OHC de manière anonyme,Entre 3 et 7 ans,Chtis,Non,H,3,4,1,3,2,1,7,6,,3,5,1,,Oui,,3,5,1,,4,2,4,7,,7,7,3,2,,6,3,7,6,2,,1,2,5,2,2,7,5,7,Produit,,En mission chez un/des client(s),7,7,3,,,,,,,,,,,
28/05/2024 09:13:05,Vous acceptez de remplir l'OHC de manière anonyme,Moins de 1 an,Toulouse,Non,User Research,7,3,5,2,3,6,4,2,,3,5,1,,Non,,,,,,3,6,4,3,,2,4,3,6,,2,4,7,6,7,,2,2,1,5,5,7,4,5,Produit,,En mission chez un/des client(s),2,7,7,,,,,,,,,,,
29/05/2024 09:13:05,Vous acceptez de remplir l'OHC de manière anonyme,Moins de 1 an,Chtis,Non,User Research,2,3,7,2,3,3,1,2,,3,5,1,,Non,,,,,,7,4,1,3,,7,6,7,1,,4,4,3,5,2,,5,2,2,5,4,7,7,5,Produit,,En mission chez un/des client(s),4,5,1,,,,,,,,,,,
30/05/2024 09:13:05,Vous acceptez de remplir l'OHC de manière anonyme,Entre 1 et 3 ans,Toulouse,Non,User Research,7,3,3,3,7,6,6,6,,3,5,1,,Non,,,,,,1,1,2,2,,2,4,3,4,,2,6,7,5,7,,7,5,2,2,2,2,5,6,Produit,,En mission chez un/des client(s),3,1,4,,,,,,,,,,,
31/05/2024 09:13:05,Vous acceptez de remplir l'OHC de manière anonyme,Entre 3 et 7 ans,OCTO Paris,Non,A,6,3,7,2,4,1,3,6,,3,5,1,,Non,,,,,,5,2,2,2,,7,5,4,4,,7,6,2,4,1,,2,1,5,4,7,1,6,6,Produit,,En mission chez un/des client(s),2,7,5,,,,,,,,,,,
01/06/2024 09:13:05,Vous acceptez de remplir l'OHC de manière anonyme,Entre 3 et 7 ans,OCTO Paris,Non,B,1,7,6,5,6,2,6,7,,3,5,1,,Non,,,,,,7,5,3,5,,1,3,4,5,,2,1,1,6,7,,4,6,5,4,3,7,4,1,Produit,,En mission chez un/des client(s),6,4,2,,,,,,,,,,,
02/06/2024 09:13:05,Vous acceptez de remplir l'OHC de manière anonyme,Entre 1 et 3 ans,OCTO Paris,Non,C,2,1,1,5,6,1,6,7,,3,5,1,,Non,,,,,,7,4,1,6,,6,6,5,4,,6,5,4,3,5,,1,2,5,7,2,5,3,5,Produit,,En mission chez un/des client(s),3,3,5,,,,,,,,,,,
03/06/2024 09:13:05,Vous acceptez de remplir l'OHC de manière anonyme,Entre 3 et 7 ans,OCTO Paris,Non,D,7,6,7,1,4,6,4,6,,3,5,1,,Non,,,,,,1,5,2,6,,4,3,4,4,,1,6,6,3,3,,7,3,6,5,4,3,2,2,Produit,,En mission chez un/des client(s),6,3,2,,,,,,,,,,,
04/06/2024 09:13:05,Vous acceptez de remplir l'OHC de manière anonyme,Entre 3 et 7 ans,OCTO Paris,Non,E,5,3,6,6,4,6,3,1,,3,5,1,,Non,,,,,,1,5,5,2,,5,7,2,3,,7,6,7,3,5,,5,6,2,7,3,6,6,5,Produit,,En mission chez un/des client(s),5,7,4,,,,,,,,,,,
05/06/2024 09:13:05,Vous acceptez de remplir l'OHC de manière anonyme,Entre 3 et 7 ans,OCTO Paris,Non,F,5,2,6,4,7,3,4,6,,3,5,1,,Non,,,,,,7,1,2,2,,7,7,2,2,,3,3,1,5,6,,1,2,4,3,2,2,2,2,Produit,,En mission chez un/des client(s),4,5,2,,,,,,,,,,,
06/06/2024 09:13:05,Vous acceptez de remplir l'OHC de manière anonyme,Entre 1 et 3 ans,OCTO Paris,Non,G,4,6,1,1,3,5,6,3,,3,5,1,,Non,,,,,,1,5,5,7,,3,6,3,7,,2,5,1,6,3,,7,4,6,6,6,4,5,4,Produit,,En mission chez un/des client(s),5,4,6,,,,,,,,,,,
07/06/2024 09:13:05,Vous acceptez de remplir l'OHC de manière anonyme,Entre 1 et 3 ans,OCTO Paris,Non,H,3,6,6,4,1,1,6,3,,3,5,1,,Non,,,,,,3,6,2,1,,6,2,3,5,,4,3,4,5,1,,6,6,5,2,4,2,7,4,Produit,,En mission chez un/des client(s),4,7,7,,,,,,,,,,,
08/06/2024 09:13:05,Vous acceptez de remplir l'OHC de manière anonyme,Moins de 1 an,Toulouse,Non,User Research,4,7,7,4,6,4,7,7,,3,5,1,,Oui,,3,5,1,,4,4,4,3,,5,6,3,7,,7,6,5,2,3,,1,4,7,3,7,1,6,5,Produit,,En mission chez un/des client(s),7,1,6,,,,,,,,,,,
09/06/2024 09:13:05,Vous acceptez de remplir l'OHC de manière anonyme,Entre 3 et 7 ans,Chtis,Non,User Research,7,6,1,5,6,1,4,5,,3,5,1,,Oui,,3,5,1,,7,6,6,4,,3,2,6,1,,7,3,4,6,6,,3,3,4,3,2,3,3,5,Produit,,En mission chez un/des client(s),5,2,4,,,,,,,,,,,
10/06/2024 09:13:05,Vous acceptez de remplir l'OHC de manière anonyme,Entre 1 et 3 ans,Toulouse,Non,User Research,6,7,4,1,2,5,3,1,,3,5,1,,Oui,,3,5,1,,7,7,3,4,,2,6,6,4,,6,7,6,2,7,,1,7,4,3,5,7,2,3,Produit,,En mission chez un/des client(s),2,1,5,,,,,,,,,,,
11/06/2024 09:13:05,Vous acceptez de remplir l'OHC de manière anonyme,Entre 1 et 3 ans,Chtis,Non,A,5,1,1,4,4,2,4,2,,3,5,1,,Non,,,,,,5,5,2,3,,7,5,2,3,,3,4,5,2,4,,5,7,6,2,1,4,4,7,Produit,,En mission chez un/des client(s),4,5,2,,,,,,,,,,,
12/06/2024 09:13:05,Vous acceptez de remplir l'OHC de manière anonyme,Entre 1 et 3 ans,Toulouse,Non,B,6,3,2,6,5,2,1,5,,3,5,1,,Non,,,,,,7,5,7,3,,3,3,5,5,,4,2,7,6,2,,1,3,2,3,1,3,4,5,Produit,,En mission chez un/des client(s),2,1,2,,,,,,,,,,,
13/06/2024 09:13:05,Vous acceptez de remplir l'OHC de manière anonyme,Plus de 7 ans,OCTO Paris,Non,C,3,3,6,3,6,6,5,7,,3,5,1,,Non,,,,,,6,1,3,4,,6,1,7,7,,3,7,4,2,5,,6,5,3,6,1,3,4,5,Produit,,En mission chez un/des client(s),4,4,3,,,,,,,,,,,
14/06/2024 09:13:05,Vous acceptez de remplir l'OHC de manière anonyme,Entre 1 et 3 ans,OCTO Paris,Non,D,5,5,4,3,1,4,6,4,,3,5,1,,Non,,,,,,3,2,1,5,,6,7,4,6,,4,6,7,5,7,,1,5,5,6,7,6,2,5,Produit,,En mission chez un/des client(s),7,4,3,,,,,,,,,,,
15/06/2024 09:13:05,Vous acceptez de remplir l'OHC de manière anonyme,Entre 1 et 3 ans,OCTO Paris,Non,E,2,7,2,2,3,4,5,2,,3,5,1,,Non,,,,,,3,2,7,2,,6,3,1,1,,2,7,4,6,4,,3,3,5,5,2,4,3,5,Produit,,En mission chez un/des client(s),2,3,2,,,,,,,,,,,
16/06/2024 09:13:05,Vous acceptez de remplir l'OHC de manière anonyme,Entre 1 et 3 ans,OCTO Paris,Non,F,7,4,3,2,4,2,2,6,,3,5,1,,Non,,,,,,7,7,2,7,,5,5,5,4,,6,2,2,4,4,,5,4,3,1,3,7,1,5,Produit,,En mission chez un/des client(s),7,6,5,,,,,,,,,,,
17/06/2024 09:13:05,Vous acceptez de remplir l'OHC de manière anonyme,Plus de 7 ans,OCTO Paris,Non,G,2,3,2,1,1,7,1,1,,3,5,1,,Oui,,3,5,1,,3,7,5,3,,6,7,6,3,,5,3,7,6,4,,6,2,7,6,7,5,4,2,Produit,,En mission chez un/des client(s),1,5,5,,,,,,,,,,,
18/06/2024 09:13:05,Vous acceptez de remplir l'OHC de manière anonyme,Entre 3 et 7 ans,OCTO Paris,Non,H,7,1,4,2,4,4,4,6,,3,5,1,,Oui,,3,5,1,,3,5,5,2,,2,6,1,5,,7,6,2,3,5,,3,2,7,6,7,7,7,5,Produit,,En mission chez un/des client(s),3,1,7,,,,,,,,,,,
19/06/2024 09:13:05,Vous acceptez de remplir l'OHC de manière anonyme,Entre 1 et 3 ans,OCTO Paris,Non,User Research,6,7,4,4,5,5,3,7,,3,5,1,,Oui,,3,5,1,,6,5,4,1,,6,7,3,3,,5,6,4,1,2,,1,5,7,4,3,6,1,3,Produit,,En mission chez un/des client(s),1,4,6,,,,,,,,,,,
20/06/2024 09:13:05,Vous acceptez de remplir l'OHC de manière anonyme,Entre 3 et 7 ans,OCTO Paris,Non,User Research,4,4,1,2,1,5,1,5,,3,5,1,,Non,,,,,,3,5,3,3,,4,2,5,4,,3,4,3,1,2,,5,2,1,5,3,2,6,2,Produit,,fonctions coeur, ,,,,,,,,,,,,,
21/06/2024 09:13:05,Vous acceptez de remplir l'OHC de manière anonyme,Entre 1 et 3 ans,Toulouse,Non,User Research,7,4,2,7,7,4,7,3,,3,5,1,,Non,,,,,,5,1,7,1,,3,1,3,2,,2,6,3,7,5,,3,5,7,7,5,2,7,3,Produit,,fonctions coeur,,,,,,,,,,,,,,
22/06/2024 09:13:05,Vous acceptez de remplir l'OHC de manière anonyme,Entre 1 et 3 ans,Chtis,Non,A,7,2,3,2,6,4,7,2,,3,5,1,,Non,,,,,,1,2,4,6,,1,6,7,1,,4,1,2,3,4,,4,5,7,3,1,5,4,4,Produit,,fonctions coeur,,,,,,,,,,,,,,
23/06/2024 09:13:05,Vous acceptez de remplir l'OHC de manière anonyme,Moins de 1 an,Toulouse,Non,B,3,5,4,5,7,6,1,3,,3,5,1,,Non,,,,,,2,6,3,7,,2,7,4,7,,1,4,7,6,6,,5,3,3,6,2,6,4,6,Produit,,fonctions coeur,,,,,,,,,,,,,,
24/06/2024 09:13:05,Vous acceptez de remplir l'OHC de manière anonyme,Plus de 7 ans,Chtis,Non,C,3,2,6,5,4,3,7,5,,3,5,1,,Non,,,,,,7,6,4,3,,1,1,3,4,,5,2,3,1,6,,4,3,2,6,7,4,1,4,Produit,,fonctions coeur,,,,,,,,,,,,,,
25/06/2024 09:13:05,Vous acceptez de remplir l'OHC de manière anonyme,Entre 1 et 3 ans,Toulouse,Non,D,4,7,3,7,3,6,5,7,,3,5,1,,Non,,,,,,3,5,1,7,,1,1,4,7,,6,2,1,6,3,,1,2,6,4,3,7,1,5,Produit,,fonctions coeur,,,,,,,,,,,,,,
26/06/2024 09:13:05,Vous acceptez de remplir l'OHC de manière anonyme,Entre 1 et 3 ans,OCTO Paris,Non,E,5,7,1,2,2,7,4,1,,3,5,1,,Oui,,3,5,1,,4,4,4,6,,4,3,4,7,,4,2,2,2,2,,6,1,5,2,1,1,2,3,Produit,,fonctions coeur,,,,,,,,,,,,,,
27/06/2024 09:13:05,Vous acceptez de remplir l'OHC de manière anonyme,Plus de 7 ans,OCTO Paris,Non,F,5,1,2,6,5,1,6,3,,3,5,1,,Oui,,3,5,1,,3,3,4,4,,7,3,5,1,,5,5,6,1,4,,4,7,1,5,1,7,1,7,Produit,,fonctions coeur,,,,,,,,,,,,,,
28/06/2024 09:13:05,Vous acceptez de remplir l'OHC de manière anonyme,Entre 3 et 7 ans,OCTO Paris,Non,G,1,1,1,7,7,4,2,5,,3,5,1,,Oui,,3,5,1,,7,7,6,6,,1,6,2,7,,2,3,5,6,3,,3,5,5,4,1,6,6,2,Produit,,fonctions coeur,,,,,,,,,,,,,,
29/06/2024 09:13:05,Vous acceptez de remplir l'OHC de manière anonyme,Entre 1 et 3 ans,OCTO Paris,Non,H,7,2,7,7,4,3,7,2,,3,5,1,,Non,,,,,,3,3,5,5,,3,3,5,1,,3,4,4,3,7,,6,2,2,7,4,1,1,3,Autre,,fonctions coeur,,,,,,,,,,,,,,
30/06/2024 09:13:05,Vous acceptez de remplir l'OHC de manière anonyme,Plus de 7 ans,OCTO Paris,Non,User Research,1,4,3,1,1,7,2,4,,3,5,1,,Non,,,,,,3,1,2,6,,2,1,1,2,,1,4,2,6,4,,6,6,7,7,1,2,6,6,Autre,,fonctions coeur,,,,,,,,,,,,,,
01/07/2024 09:13:05,Vous acceptez de remplir l'OHC de manière anonyme,Entre 3 et 7 ans,OCTO Paris,Non,User Research,5,3,5,3,2,2,4,4,,3,5,1,,Non,,,,,,2,4,2,6,,1,2,4,4,,5,1,1,6,4,,5,1,7,6,2,4,7,4,Autre,,fonctions coeur,,,,,,,,,,,,,,
02/07/2024 09:13:05,Vous acceptez de remplir l'OHC de manière anonyme,Entre 3 et 7 ans,OCTO Paris,Non,User Research,6,7,7,2,1,1,2,2,,3,5,1,,Non,,,,,,3,6,4,7,,1,6,4,5,,1,4,1,6,2,,6,3,1,2,5,7,5,7,Autre,,fonctions coeur,,,,,,,,,,,,,,
03/07/2024 09:13:05,Vous acceptez de remplir l'OHC de manière anonyme,Plus de 7 ans,OCTO Paris,Non,A,5,7,4,6,3,7,2,7,,3,5,1,,Non,,,,,,6,1,6,4,,3,3,5,1,,2,6,3,5,3,,4,5,7,2,5,7,7,3,Autre,,fonctions coeur,,,,,,,,,,,,,,
04/07/2024 09:13:05,Vous acceptez de remplir l'OHC de manière anonyme,Plus de 7 ans,Toulouse,Non,B,2,2,4,7,2,1,1,6,,3,5,1,,Non,,,,,,1,2,3,4,,2,7,3,2,,5,5,4,7,1,,1,1,1,7,1,5,2,1,Autre,,fonctions coeur,,,,,,,,,,,,,,
05/07/2024 09:13:05,Vous acceptez de remplir l'OHC de manière anonyme,Entre 3 et 7 ans,Chtis,Non,C,1,7,7,3,1,3,3,4,,3,5,1,,Non,,,,,,7,3,1,4,,3,5,7,6,,3,1,5,2,3,,4,3,2,5,1,2,1,1,Autre,,fonctions coeur,,,,,,,,,,,,,,
06/07/2024 09:13:05,Vous acceptez de remplir l'OHC de manière anonyme,Entre 1 et 3 ans,Toulouse,Non,D,1,1,6,2,7,5,2,4,,3,5,1,,Non,,,,,,4,3,1,6,,2,5,5,3,,5,6,5,2,1,,2,4,3,5,2,3,1,4,Autre,,fonctions coeur,,,,,,,,,,,,,,
07/07/2024 09:13:05,Vous acceptez de remplir l'OHC de manière anonyme,Entre 1 et 3 ans,Chtis,Non,E,2,5,2,1,7,6,5,1,,3,5,1,,Non,,,,,,5,1,7,7,,5,3,1,5,,4,1,6,1,7,,6,5,3,2,3,5,6,7,Autre,,fonctions coeur,,,,,,,,,,,,,,